,BA,subj_id
0,75.38336,1000905
1,47.96994,1002257
2,88.76515,1002839
